INSERT INTO `pays` (`codePays`, `libellePays`, `libellePaysCourt`, `fichier`) VALUES
(1, 'France', 'FR', 'FR-fr'),
(2, 'English', 'EN', 'EN-en');

INSERT INTO `etatTopic` (`codeEtat`, `libelleEtat`) VALUES
(1, 'En attente'),
(2, 'Valider'),
(3, 'Annuler'),
(4, 'Résolu'),
(5, 'Refuser');

INSERT INTO `quartier` (`codeQuartier`, `libelleQuartier`) VALUES
(1, 'Perrache'),
(2, 'Bellecour'),
(3, 'Terreaux');

INSERT INTO `profile` (`codeProfile`, `libelleProfile`) VALUES
(0, 'User'),
(1, 'Administrateur'),
(2, 'Moderateur');

INSERT INTO `user` (`codeUser`, `nom`, `mail`, `login`, `passWord`, `codeProfile`) VALUES
(1, 'Administrateur', 'paulpoupet@atilog.com', 'Admin', '$2y$10$ZeBcxc/n7pY2syL5AUGMp.foh5Cx5IN7ZpO3WX4Ol/GKyycuChrXK', 1);

INSERT INTO `topic` (`codeTopic`, `codePays`, `libelleTopic`, `description`, `codeEtat`, `date`) VALUES
(1, 1, 'Exemple de Topic en français', '', 1, '2018-09-27'),
(2, 2, 'Exemple of english Topic', '', 1, '2018-09-28');

INSERT INTO `categorie` (`codeCategorie`, `libelleCategorie`) VALUES
(100, 'Musée');

INSERT INTO `monument` (`codeMonument`, `codePays`, `codeQuartier`, `libelleMonument`, `imageMonument`, `coordonnees`, `dateConstruction`, `architecte`, `commentaire`) VALUES
(1, 1, 2, 'La grande Synagogue de Lyon', 'synagogue.jpg', ST_GeomFromText('POINT(45.7571926 4.8253792)'), '1864-01-01', 'Abraham Hirsch,', 'Construite de 1863 à 1864 par Abraham Hirsch, il s’agissait de la deuxième synagogue française après celle de Paris, elle a été construite afin de convenir à l’expansion de la communauté juive française en 1863-1864 et est aujourd’hui la plus ancienne institution juive de Lyon.'),
(2, 1, 2, 'Église Saint Bonaventure', 'eglise-bonaventure.jpg', ST_GeomFromText('POINT(45.7633635 4.8346233)'), '1327-01-01', 'Moine franciscains', 'Le lieu de culte à été créé en 1327 par les moines franciscains, elle devient l’église des Confréries Corporatives après qu’ils ait financé la construction des chapelles de 1471 à 1625. Il est aujourd’hui difficile de retrouver des éléments authentique datant de l’époque médiéval bien que les rénovation actuelles soit plus respectueuse du site.'),
(3, 1, 2, 'La place Bellecour', 'place-bellecour.jpg', ST_GeomFromText('POINT(45.7583991 4.8302986)'), '1604-01-01', 'Henri IV', 'Cinquième plus grande place de France, Bella curtis, Place Louis-le-Grand ou plus connu sous le nom de Bellecour n’était avant qu’un terrain marécageux qui servit en premier lieu de lieu d’agriculture possédé par l"archevêque de Lyon.'),
(4, 1, 2, 'Le Veilleur de pierre', 'veilleur-pierre.jpg', ST_GeomFromText('POINT(45.7583991 4.8302986)'), '1948-07-27', 'Georges Salendre', 'La statue à l’angle de la rue Gasparrini près de la place Bellecour contient le nom de cinq résistant qui furent exécutés en ces lieux, le 27 Juillet 1944 par les officier allemand et la gestapo après avoir posé une bombe. La bombe n’a fait aucun blessé et les allemands décidèrent de se venger sur le lieux même, le lendemain en abattant cinq résistants retenus prisonniers à la prison Montluc.'),
(5, 1, 2, 'La statue équestre de Louis XIV', 'statue-louisXIV.jpg', ST_GeomFromText('POINT(45.7578485 4.8316408)'), '1713-01-01', 'Louis XIV,', 'La première statue de Louis XIV à été réalisé en 1713 par Martin Desjardins à l’occasion de l’obtention définitive de la place Bellecour par Louis XIV, elle est détruite en 1793 durant la révolution puis reconstruite par François-Frédéric Lemot en 1825 à Paris à l’occasion de la restauration de la place.'),
(6, 1, 2, 'Passage de l’Argue', 'passage-argue.jpg', ST_GeomFromText('POINT(45.7606939 4.8331524)'), '1995-01-01', 'Louis Josserand', 'Centre économique important de la Presqu’île de Lyon, le passage de l’Argue tient son nom des outil servant à filer l’argent et l’or et par extension les ateliers des tireurs d’or dont il était remplis, le passage tel que nous le connaissons date de 1995. L’endroit a également servi de lieu de rencontre pour les résistants lors de la seconde guerre mondial.'),
(7, 1, 2, 'Hôtel Dieu', 'hoteldieu.jpg', ST_GeomFromText('POINT(45.7571926 4.8253792)'), '1864-01-01', 'Jacques-Germain Soufflot', 'Réalisation des frères Pontfi, réalisateurs du pont d’Avignon et du premier pont en bois de la Guillotière, l’Hôtel Dieu était à l’origine un lieu destiné à accueillir les voyageurs, pèlerins et les personnes pauvres,aujourd’hui il a été réaménagé pour des visites culturelles, des restaurants et des commerces.'),
(8, 1, 1, 'Basilique - Abbaye Saint Martin d’Ainay', 'basilique-saintmartin.jpg', ST_GeomFromText('POINT(45.7538345 4.8262897)'), '1905-01-01', 'Moines', 'L’abbaye est sujette à de nombreux doutes, notamment à sa création qui daterait du Vè siecle lors du Haut Moyen- ge suite aux écritures de Grégoire de Tours. Elle subira les foudres de la Révolution en 1789 mais fût sauvé grâce à sa fonction de grenier à blé, elle fût élever au rang de basilique en 1905 et occupe un place dans la liste des monuments de 1840.'),
(9, 1, 1, 'Gare de Perrache', 'gare-perrache.jpg', ST_GeomFromText('POINT(45.7489883 4.8241779)'), '1845-01-01', null, 'Inauguré en 1857, elle comptabilise aujourd’hui 320 départ de train par jour et 25000 voyageurs, c’est pour elle que fût créer le tunnel ferroviaire de fourvière, afin de rejoindre la gare de Vaise. Elle fût d’ailleur le lieu de tournage d’un des film des frères Lumière : “Arrivée d’un train à Perrache”.'),
(10, 1, 1, 'Monument à Ampère', 'monument-ampere.jpg', ST_GeomFromText('POINT(45.7531547 4.8266709)'), '1888-01-01', 'Charle Textor', 'Datant de 1888, il s’agit de la dernière fontaine égyptisante du XiXè siècle, elle à été réaliser par Charle Textor et représente André-Marie Ampère, connu pour avoir inventer les termes de courant et de tension ainsi que pour l’invention du télégraphe électrique. La statue est accompagné de deux sphinges.'),
(11, 1, 1, 'Prison Saint Paul et Saint Joseph', 'saintpaul.jpg', ST_GeomFromText('POINT(45.7466097 4.82428)'), '1852-01-01', 'Louis-Pierre Baltard et Antonin Louvier', 'Devenue l’Université Catholique de Lyon en 1875, les deux prisons représente un ensemble construit en 1852 par Louis-Pierre Baltard et Antonin Louvier, elle contenait les prisonniers jusqu’au 3 mai 2009 à cause de sa vétusté et du manque de place pour les détenus.'),
(12, 1, 1, 'Place Carnot', 'place-carnot.jpg', ST_GeomFromText('POINT(45.7505145 4.8264952)'), '1815-01-01', 'Napoléon Ier', 'Son nom lui a été donné en honneur au général Lazard Carnot, ce même nom à également évolué avec les différentes régimes. La place était le point central pour les tramway de l’ancien réseau de Lyon. La statue de la République y à été construite pour célébrer le centenaire de la Révolution.'),
(13, 1, 1, 'Archives municipales de Lyon', 'archive-municipale.jpg', ST_GeomFromText('POINT(45.7477942 4.8223932)'), '1864-01-01', 'Albert Constantin', 'Ce lieu regroupe toutes les archives qui permettent à ce jour de découvrire l’histoire de la ville, des archives aussi bien publiques que privés. Les archives des architectes sont particulièrement nombreuse ainsi que celles de la mouvances du catholiscisme social. Le bâtiment comporte 17 kM de rayons.'),
(14, 1, 1, 'Musée du tissus et des Arts', 'musee-tissus.jpg', ST_GeomFromText('POINT(45.7532337 4.8289946)'), '1864-01-01', 'Chambre de commerce', 'L’idée d’un tel musée remonte de la Révolution en 1797, l’objectif est ici de regrouper une large palettes de textile dans divers recoins du monde pour les afficher aux grand publique. Le musée accueillera également plus tard le musée des Arts décoratifs, les deux occupe l’hôtel de Lacroix-Laval'),
(15, 1, 3, 'Église Saint Nizier', 'eglise-saintnizier.jpg', ST_GeomFromText('POINT(45.7647073 4.8314843)'), '1840-01-01', 'Jean Vallet', 'Son nom provient de l’évêque Nizier de Lyon, elle est classé dans au titre de monument historique de 1840 et possède une histoire lourde qui a grandi aux fils des années. C’est l’un des lieux de cultes les plus important de Lyon et son style gothique flamboyant la rend unique sur Lyon.'),
(16, 1, 3, 'Chapelle de la Trinité', 'chapelle-trinite.jpg', ST_GeomFromText('POINT(45.7654789 4.8352229)'), '2001-01-01', 'Étienne Martelange', 'Aujourd’hui réserver à l’évènementiel, cette chapelle au style baroque prononcé à été édifié entre 1617 et 1622 par Étienne Martelange. Elle fût rénové récemment de 1997 à 1999 par Didier Repellin et accueil une plaque commémorative du 210è anniversaire de la première république italienne.'),
(17, 1, 3, 'Musée de l’imprimerie', 'museeimprimerie.jpg', ST_GeomFromText('POINT(45.7642401 4.8324795)'), '1963-01-01', 'Louis Pradel', 'Le musée propose de vous replongez dans les années où l’imprimerie n’existait pas et où il fallait aligner soi-même les lettres à la main. Il propose de voir les oeuvres réalisé par les imprimeries de l’époque avec des pancartes chargé d’histoire et également de découvrir le métier d’imprimeur au XVIIIè siècle.'),
(18, 1, 3, 'Musée des beaux arts', 'musee-beaux-arts.jpg', ST_GeomFromText('POINT(45.7671087 4.8314287)'), '1803-01-01', 'Pierre Roche', 'Situé idéalement juste en face de la place des Terreaux, le musée accueille entre 300000-350000 visiteurs par an et possède plus de 72000 objets provenant de toutes les cultures. Le musée a été inauguré en 1803 après la Révolution et partageait ses locaux avec l’École de Beaux Arts.'),
(19, 1, 3, 'Hotel de ville', 'hoteldeville.jpg', ST_GeomFromText('POINT(45.7672273 4.8338486)'), '1672-01-01', 'Simon Maupin', 'Classé monument historique, c’est l’un des bâtiment les plus importants de Lyon, le bâtiment fut terminé en 1672 après une période de 26 ans. Cette période est expliqué par la démission de Simon Maupin, chargé de la voirie ainsi que de son fils un mois plus tard. Le bâtiment est renouvelé en 1850 soit 57 ans après un bombardement.'),
(20, 1, 3, 'Palais de la Bourse', 'palaisbourse.jpg', ST_GeomFromText('POINT(45.7640335 4.8341373)'), '1860-01-01', 'René Dardel', 'Également nommé Palais du commerce, le bâtiment fut érigé en 1860 par René Dardel et Auguste Monvenoux, l’architecture du site rappelle ses fonctions dans les domaines judiciaire, de l’industrie, de l’agriculture et du commerce. Le palais a rencontré les nombreuses crises économiques qui parcourait la France.'),
(21, 2, 2, 'La grande Synagogue de Lyon', 'synagogue.jpg', ST_GeomFromText('POINT(45.7571926 4.8253792)'), '1864-01-01', 'Abraham Hirsch', 'Built from 1863 to 1864 by Abraham Hirsch, it was the second french synagogue after that of Paris, it was build to suit the expansion of the jewish french community in 1863-1864 and is today the oldest jewish institution of Lyon.'),
(22, 2, 2, 'Église Saint Bonaventure', 'eglise-bonaventure.jpg', ST_GeomFromText('POINT(45.7633635 4.8346233)'), '1327-01-01', null, 'The place of worship has been created in 1327 by the Franciscains monks, it became the Church of Corporate Confraternities after they financed the construction of he chapelles from 1471 to 1625. It is today quite difficult to find authentic pieces from the medieval times although current renovation are more respectful of the site.'),
(23, 2, 2, 'La place Bellecour', 'place-bellecour.jpg', ST_GeomFromText('POINT(45.7583991 4.8302986)'), '1604-01-01', 'Henri IV', 'Fifth largest square in France, Bella Curtis, Place Louis-le-Grand or better known under the name of Bellecour was a swampy ground that served primarily place of agriculture owned by the Archbishop of Lyon.'),
(24, 2, 2, 'Le Veilleur de pierre', 'veilleur-pierre.jpg', ST_GeomFromText('POINT(45.7583991 4.8302986)'), '1948-07-27', 'Georges Salendre', 'The statue at the Gasparrini street’s corner near the Place Bellecour hold the name of five resistants who were executed in these places, on the 27th of July 1944 by german officer and the gestapo after a bomb attack from their ally. The bomb didn’t hurt anyone and the germans chose to avenge the next day at the same place, by killing five resistant imprisoned at the Montluc prison.'),
(25, 2, 2, 'La statue équestre de Louis XIV', 'statue-louisXIV.jpg', ST_GeomFromText('POINT(45.7578485 4.8316408)'), '1713-01-01', 'Louis XIV', 'The first Louis XIV statue have been realised in 1713 by Martin Desjardins for the definitive acquirement of the Place Bellecour by Louis XIV, it was destroyed in 1793 during the revolution and rebuilt by François-Frédéric Lemot in 1825 at Paris for the restoration of the place.'),
(26, 2, 2, 'Passage de l’Argue', 'passage-argue.jpg', ST_GeomFromText('POINT(45.7606939 4.8331524)'), '1995-01-01', 'Louis Josserand', 'Important economic center of the Lyon peninsula, the passage of the Argue hold his name from the tools used to fill the silver and the gold long times ago, it was full of gold filler workshop. This place was used by the french resistance as a meeting place back in WWII. The passage de l’Argue as we know dates from 1995.'),
(27, 2, 2, 'Hôtel Dieu', 'hoteldieu.jpg', ST_GeomFromText('POINT(45.7571926 4.8253792)'), '1864-01-01', 'Jacques-Germain Soufflot', 'Pontfi brtother’s realisation, builder of the bridge of Avignon and of the first Guillotière’s wooden bridge, the Hôtel-Dieu was originally a place used to welcome travellers and poor peoples. Today, the place got reamenaged and offers cultural visits, restaurants and shops.'),
(28, 2, 1, 'Basilique - Abbaye Saint Martin d’Ainay', 'basilique-saintmartin.jpg', ST_GeomFromText('POINT(45.7538345 4.8262897)'), '1905-01-01', 'Moines', 'The abbey as been subject to many doubts especially at its creation which would be from the 5th century during the High Middle Ages if we want to believe Grégoire de Tours’s writings. The abbey will suffer from the Revolution of 1789 but has been saved since it served the purpose of granary, it became a Basilica in 1905 and stand a place in the 1840 list of monuments.'),
(29, 2, 1, 'Gare de Perrache', 'gare-perrache.jpg', ST_GeomFromText('POINT(45.7489883 4.8241779)'), '1845-01-01', null, 'Inaugurated in 1857, it counts 320 departure of trains and 25000 travellers, the Fourvière tunnel was digged for her, to join the Vaise train station. The perrache station also served as a filming location for one of the Lumière brothers’s film : L’Arrivée d’un train à Perrache'),
(30, 2, 1, 'Monument à Ampère', 'monument-ampere.jpg', ST_GeomFromText('POINT(45.7531547 4.8266709)'), '1888-01-01', 'Charle Textor', 'Dating from 1888, it has been the first egyptisante fontain of the 19th century, it was realised by Charle Textor and represent André-Marie-Ampère, well-known for inventing the current and voltage terms as well as the electric telegraph. The statue is followed by two Sphinxes.'),
(31, 2, 1, 'Prison Saint Paul et Saint Joseph', 'saintpaul.jpg', ST_GeomFromText('POINT(45.7466097 4.82428)'), '1852-01-01', 'Louis-Pierre Baltard et Antonin Louvier', 'Now serving the purpose of Catholic Lyon University in 1875, the two prisons represented a whole when they were built in 1852 by Louis-Pierre Baltard and Antonin Louvier, it used to contain prisoners until the 3rd of may 2009 because of his vetacity and the lack of space for detainees.'),
(32, 2, 1, 'Place Carnot', 'place-carnot.jpg', ST_GeomFromText('POINT(45.7505145 4.8264952)'), '1815-01-01', 'Napoléon Ier', 'It’s name has been given in honor of the general Lazard Carnot, the same name also evolved during the differents regimes. The place was the central point for the tramway of the old Lyon network. The “Statue de la République” was built there to celebrate the century of the Revolution.'),
(33, 2, 1, 'Archives municipales de Lyon', 'archive-municipale.jpg', ST_GeomFromText('POINT(45.7477942 4.8223932)'), '1864-01-01', 'Albert Constantin', 'This place regroup every archives which allow today to discover the city’s story, both public and private. Architects archives are the most common as well as those of the mobilities of social catholiscism. The building offers 17 kilometers of shelving.'),
(34, 2, 1, 'Musée du tissus et des Arts', 'musee-tissus.jpg', ST_GeomFromText('POINT(45.7532337 4.8289946)'), '1864-01-01', null, 'The idea for this museum came from the Revolution in 1797, the goal here is to regroup a wide range of textil from other sides of the world to show them to the wide audience. The museum is later welcoming the museum of decorative Art, the two have their place in the hotel Lacroix-Laval.'),
(35, 2, 3, 'Église Saint Nizier', 'eglise-saintnizier.jpg', ST_GeomFromText('POINT(45.7647073 4.8314843)'), '1840-01-01', 'Jean Vallet', 'It’s name came from Nizier, one of the Lyon’s bishop, the church is ranked in the monument list of 1840 and have an heavy backstory which expand beyond the years. It’s one of the most important worship place of Lyon and is very unique with her gothic style.'),
(36, 2, 3, 'Chapelle de la Trinité', 'chapelle-trinite.jpg', ST_GeomFromText('POINT(45.7654789 4.8352229)'), '2001-01-01', 'Étienne Martelange', 'Now used to be reserved for many events, this chapel with her very pronounced baroque style was built between 1617 an 1622 by Étienne Martelange. It was renovated recently from 1997 to 1999 by Didier Repellin and is holding a commemorative plate of the 210th birthday of the first italian republic.'),
(37, 2, 3, 'Musée de l’imprimerie', 'museeimprimerie.jpg', ST_GeomFromText('POINT(45.7642401 4.8324795)'), '1963-01-01', 'Louis Pradel', 'The museum offer to look at the past where printing houses didn’t exists and where everything had to be printed with hands only. He offers to see the pieces created by the past printing houses with heavily story charged placards and also discover the printer job in the 18th century.'),
(38, 2, 3, 'Musée des beaux arts', 'musee-beaux-arts.jpg', ST_GeomFromText('POINT(45.7671087 4.8314287)'), '1803-01-01', 'Pierre Roche', 'Placed right in front of the place des Terreaux, the museum welcome between 300000 and 350000 visitors per year and own more than 72000 objects coming from every cultures. The museum was inaugurated in 1803 after the Révolution and share its location with the École des beaux Arts (School of Fine Art).'),
(39, 2, 3, 'Hotel de ville', 'hoteldeville.jpg', ST_GeomFromText('POINT(45.7672273 4.8338486)'), '1672-01-01', 'Simon Maupin', 'Classed as monument, it’s one of the most important building of Lyon, the building was finished in 1672 after 26 years. This is because of the resignation of Simon Mauphin, road Manager and later his son, one month later. The place is renovated in 1850, 57 years after a bombing raid.'),
(40, 2, 3, 'Palais de la Bourse', 'palaisbourse.jpg', ST_GeomFromText('POINT(45.7640335 4.8341373)'), '1860-01-01', 'René Dardel', 'Also known as “Palais du commerce”, the building was erected in 1860 by René Dardel and Auguste Monvenoux, the architecture of the site reminds its functions in the judicial ,industrial, agriculture and trading fields. The palace lived the many economicals crisis striking the France.');

INSERT INTO `activite` (`codeActivite`, `codePays`, `codeQuartier`, `codeCategorie`, `nom`, `nomLieux`, `coordonnees`, `imageActivite`, `commentaire`) VALUES
(1, 1, 1, 100, 'Le Musée des Tissus et des Arts Décoratifs', NULL, ST_GeomFromText('POINT(45.7532337 4.831183300000021)'), 'musee-tissu-lyon.jpg', NULL),
(2, 1, 3, 100, 'Ayers Rock', NULL, ST_GeomFromText('POINT(45.768368 4.8349243000000115)'), 'ayers-rock.jpg', 'Avant de danser ? Entrez dans le Ayers Rock , c’est une boîte de nuit proposant des tarifs abordable ! Entre amis ou pour faire des rencontres c’est l’endroit idéal ! Un large choix en alcool et un espace de danse assez grand !'),
(3, 1, 3, 100, 'Boston Tavern', NULL, ST_GeomFromText('POINT(45.7677456 4.833002699999952)'), 'boston-tavern.jpg', 'C’est l’une des boîtes de lyon les plus facile d’accès de Lyon ! Ou l’alcool est à un prix abordable, entre amis venez danser et faire des rencontres !'),
(4, 1, 3, 100, 'Le musée des beaux-arts', NULL, ST_GeomFromText('POINT(45.7671087 4.83361739999998)'), 'musee-beaux-arts.jpg', 'C’est l’un des musée français les plus grand de France, chaque année le musée des beaux arts agrandit sa collection pour vous faire découvrir des objets, oeuvres magnifique ! De l’égypte antique à aujourd’hui venez découvrir l’histoire de notre monde !'),
(5, 1, 3, 100, 'Opéra de Lyon', NULL, ST_GeomFromText('POINT(45.7532337 4.831183300000021)'), 'opera.jpg', 'Vous êtes à la recherche d’un endroit calme ou musique et danse est au rendez-vous ? L’opéra de Lyon est l’endroit qu’il vous faut ! C’est l’endroit parfait pour une sortie en couple avec ses diverses spectacle tout au long de l’année vous ne serez jamais déçu !'),
(6, 1, 2, 100, 'Fnac', NULL, ST_GeomFromText('POINT(45.75829770000001 4.8347919000000275)'), 'fnac.jpg', 'A la recherche d’un cadeau de dernière minute ? La fnac bellecour est le magasin qu’il vous faut ! Trouver tout ce dont vous avez besoin , papeterie  , high-tech tout s’y trouve , un magasin de grande superficie avec un nombre d’article nombreux. '),
(7, 1, 2, 100, 'Cinéma Pathé', NULL, ST_GeomFromText('POINT(47.346483199999994 5.0266112)'), 'cine-pathe.jpg', 'C’est le cinéma le plus connu de Lyon , c’est l’endroit idéal pour regarder un film à Lyon, venez voir les dernières sorties dans ce cinéma. Avec un tarif abordable , passer un bon moment devant un bon film.'),
(8, 1, 2, 100, 'Patinoire (Hiver Uniquement)', NULL, ST_GeomFromText('POINT(47.346483199999994 5.0266112)'), 'patinoire.jpg', 'Vous êtes de passage à Bellecour en hiver ? Venez seul ou entre amis découvrir cette patinoire ! Un moment agréable à un tarif bas , les patins sont disponiblent en location et l’espace pour patiner est quand même important !'),
(9, 1, 2, 100, 'La grand roue (Hiver Uniquement)', NULL, ST_GeomFromText('POINT(45.7532337 4.831183300000021)'), 'grande-roue.jpg', 'Vous avez toujours envie de vous sentir tel un oiseau ? Observez de hauteur une ville ? La grande roue de la place Bellecour est l’endroit qu’il vous faut pour réaliser ce rêve ! Avec une vue impressionnante sur tout Lyon , c’est l’activité idéal entre amoureux ou amis !'),
(10, 1, 2, 100, 'Escape Game Bellecour', NULL, ST_GeomFromText('POINT(45.75788130000001 4.82893260000003)'), 'escape-room.jpg', 'Envie de renforcer les liens entre vos amis ou vos collègue ? C’est  l’activité idéal , par groupe allant de 4 à 8 personnes , le but ? Sortir d’une salle avec un thème , OMG Escape de Bellecour est un endroit avec des salles d’escape room variés qui ont pour thèmes les jeux-vidéo, la pop-culture.'),
(11, 1, 1, 100, 'Le marché de noël', NULL, ST_GeomFromText('POINT(45.7505145 4.828683899999987)'), 'marche-noel.jpg', 'Besoin d’une idée de cadeaux, de petits objets décoratifs ou encore de produits locaux ? Le marché Noël de la place Carnot se déroule chaque année pendant environ 1 mois en décembre. Ouvert de jour comme de nuit il divertit autant les petits que les grands. Plus de 140 chalets sont présent pour que vous puissiez trouver votre bonheur.'),
(12, 1, 1, 100, 'Archive municpales de Lyon', NULL, ST_GeomFromText('POINT(45.7477942 4.824581899999998)'), 'archive-municipale.jpg', 'A quelque pas de la gare de Perrache venez visiter les Archives Municipales de Lyon ! Avec plusieurs expositions chaque année : venez découvrir le charme du quartier de Perrache et Confluence. '),
(13, 1, 1, 100, 'SPA Cinq monde', NULL, ST_GeomFromText('POINT(45.7609923 4.836631799999964)'), 'spa-perrache.jpg', 'Envie de faire une pause ? Une semaine de travail infernal ? Venez découvrir le Spa des Cinq mondes, au coeur d’un magnifique hôtel du 18ème siècle , il contient 7 salles de soins , dont une salle de soins double et 1 bain style japonais. De plus il dispose d’un hammam. Ces salles vous feront vivre et découvrir un véritable voyage sensoriel'),
(14, 2, 3, 100, 'Ayers Rock', NULL, ST_GeomFromText('POINT(45.768368 4.8349243000000115)'), 'ayers-rock.jpg', 'Want to dance ? Enter the Ayers Rock, its a nightclub offering affordable rates! With friends or to meet people this is the place! A wide choice in alcohol and a dance area big enough!'),
(15, 2, 3, 100, 'Boston Tavern', NULL, ST_GeomFromText('POINT(45.7677456 4.833002699999952)'), 'boston-tavern.jpg', 'This is one of Lyon easiest access boxes! Or alcohol is affordable, with friends come dance and meet people!'),
(16, 2, 3, 100, 'Beaux-arts museum', NULL, ST_GeomFromText('POINT(45.7671087 4.83361739999998)'), 'musee-beaux-arts.jpg', 'It is one of the largest French museum in France, every year the museum of fine arts enlarges its collection to make you discover objects, beautiful works! From ancient Egypt to today come to discover the history of our world!'),
(17, 2, 3, 100, 'Lyon Opera', NULL, ST_GeomFromText('POINT(45.7532337 4.831183300000021)'), 'opera.jpg', 'Are you looking for a quiet place where music and dance are at the same moment ? The Lyon Opera is the place for you! This is the perfect place for a couple outing with its various show all year round you will never be disappointed!'),
(18, 2, 2, 100, 'Fnac', NULL, ST_GeomFromText('POINT(45.75829770000001 4.8347919000000275)'), 'fnac.jpg', 'Looking for a last-minute gift? The Fnac Bellecour is the store for you! Find everything you need, stationery, high-tech everything is there, a large store with a large number of items.'),
(19, 2, 2, 100, 'Pathé Cinéma', NULL, ST_GeomFromText('POINT(47.346483199999994 5.0266112)'), 'cine-pathe.jpg', 'This is the most famous cinema in Lyon, it is the ideal place to watch a movie in Lyon, come see the latest releases in this cinema. With an affordable price, have a good time in front of a good movie.'),
(20, 2, 2, 100, 'Ice Rink (Only during WInter)', NULL, ST_GeomFromText('POINT(47.346483199999994 5.0266112)'), 'patinoire.jpg', 'Are you visiting Bellecour in winter? Come alone or with friends to discover this rink! A good time at a low price, skates are available for rent and the space for skating is still important!'),
(21, 2, 2, 100, 'Ferris wheel (Only during Winter)', NULL, ST_GeomFromText('POINT(45.7532337 4.831183300000021)'), 'grande-roue.jpg', 'Do you still want to feel like a bird? Observe a city from height? The big wheel of Place Bellecour is the place you need to make this dream come true! With an impressive view over Lyon, this is the ideal activity between lovers or friends!'),
(22, 2, 2, 100, 'Escape Game Bellecour', NULL, ST_GeomFromText('POINT(45.75788130000001 4.82893260000003)'), 'escape-room.jpg', 'Want to strengthen the links between your friends or colleagues? This is the ideal activity, in groups ranging from 4 to 8 people, the goal? Going out of a room with a theme, OMG Escape de Bellecour is a place with various escape room rooms that have the theme of video games, pop-culture.'),
(23, 2, 1, 100, 'Chistmas Market', NULL, ST_GeomFromText('POINT(45.7505145 4.828683899999987)'), 'marche-noel.jpg', 'Need an idea of ​​gifts, small decorative items or local products? The Place Carnot Christmas Market is held every year for about 1 month in December. Open day and night, it entertained both children and adults. More than 140 chalets are present for you to find your happiness.'),
(24, 2, 1, 100, 'Lyon municipal archive', NULL, ST_GeomFromText('POINT(45.7477942 4.824581899999998)'), 'archive-municipale.jpg', 'A few steps from the station Perrache come visit the Municipal Archives of Lyon! With several exhibitions every year: discover the charm of Perrache and Confluence'),
(25, 2, 1, 100, 'SPA Cinq monde', NULL, ST_GeomFromText('POINT(45.7609923 4.836631799999964)'), 'spa-perrache.jpg', 'Want to take a break? An infernal work week? Come and discover the Cinq Mondes Spa, in the heart of a magnificent 18th century hotel, it contains 7 treatment rooms, including a double treatment room and a Japanese-style bath. In addition it has a hammam. These rooms will make you live and discover a real sensory journey');

INSERT INTO `restaurant` (`codeRestaurant`, `codePays`, `codeQuartier`, `nom`, `adresse`, `numeroTelephone`, `coordonnees`, `imageRestaurant`, `commentaire`) VALUES
(1, 1, 1, 'Léon de Lyon', '1 Rue Pleney, 69001 Lyon', '07 72 10 11 12', ST_GeomFromText('POINT(45.7660077 4.833501800000022)'), 'leondelyon.jpg', 'La brasserie Léon de Lyon situé derrière le musée des beaux-arts, est la figure emblématique d’une brasserie Lyonnaise. Un établissement dans lequel un accueil chaleureux est proposé.Destiné à une clientèle aisées, c’est l’endroit idéal pour fêter un évènement important de sa vie. Venez-vous aussi être séduit par ses spécialités Lyonnaise, c’est une adresse à réellement voir.'),
(2, 1, 1, 'Au petit bouchon de Saint-Georges', '8 rue du garet, 69001 Lyon', '04 78 28 30 46', ST_GeomFromText('POINT(45.766982 4.836709)'), 'bouchon.jpg', 'Au petit bouchon de Saint-Georges qu’est-ce que c’est ? C’est l’une des représentations même de la culture Lyonnaise et de ses petits bouchons, décors, nourriture, ambiance.   Idéal pour faire un bon restaurant entre amis il est idéal pour se retrouver entre amis et toutes les spécialité les plus connu sont en vente avec un larges choix de la quenelle à l’andouillette tout y passe, c’est un endroit mythique pour connaître la gastronomie Lyonnaise.'),
(3, 1, 1, 'Archange café', '6 Rue Hippolyte Flandrin, 69001 Lyon', '04 78 28 30 10', ST_GeomFromText('POINT(45.76600 4.833502)'), 'archange.jpg', 'L’archange café est un restaurant destiné au couple , situé à trois rue de la place des terreaux, il y est proposé beaucoup de plat pour deux, en effet les classique de la cuisine Lyonnaise y sont présent malgré un choix mince sur la carte , ils seront satisfaire tout le monde. Bon , et a un prix abordable c’est l’un des lieu de prédilection des couples Lyonnais, même si vous pouvez y mangez seul '),
(4, 1, 1, 'L’ébullition', '12 Rue Lanterne, 69001 Lyon', '04 78 28 32 26', ST_GeomFromText('POINT(45.768476 4.830365)'), 'lebullition.jpg', 'À deux pa	s de la place des terreaux c’est un restaurant chic du quartier terreaux , des plats basique qui ne sont pas Lyonnais,  mais une très bonne cuisine confirmer par une très belle note sur l’ensemble des sites d’avis culinaire. C’est un endroit ou y manger entre amis sans trop y dépenser, des plats qui vont donneront du plaisir et surtout une envie d’y retourner prochainement.'),
(5, 1, 1, 'Boston Tavern', '8 Place des Terreaux, 69001 Lyon', '04 78 23 42 90', ST_GeomFromText('POINT(45.767802 4.833643)'), 'boston-tavern.jpg', 'C’est le lieu incontournable si vous visitez la place des Terreaux en effet cette brasserie au style écossaise est l’un des endroits les moins cher de Lyon pour y boire et mangez, un lieu pour se retrouver entre amis autour d’une mousse, d’un match. Des serveurs amical et sympathique. Ouvert de jour ou et de nuit, son côté boîte de nuit est l’un des endroits les plus fréquenté de Lyon durant la nuit.'),
(7, 1, 2, 'Atelier d’Yvonne', '6 Rue des Marronniers 69002 Lyon', '04 72 41 20 97', ST_GeomFromText('POINT(45.76600 4.833502)'), 'atelier-yvone.jpg', 'Au cœur de la rue des bouchons de Lyon : La rue des marronniers. Venez en ouvrant les portes de « L ’ATELIER D’YVONNE » en étant reçu dans une salle accueillante et chaleureuse aux allures de bistrot d’antan. Amateur de spécialités lyonnaise ? C’est l’endroit idéal afin de se rejoindre entre collègue de travail ou amis, des prix un peu chers mais qui sont gages de qualités pour nos papilles.'),
(8, 1, 2, 'Brasserie le sud', '11 Place Antonin Poncet, 69002 Lyon', '04 72 77 80 00', ST_GeomFromText('POINT(45.756331 4.835529)'), 'brasserie-sud.jpg', 'Ou mangez mieux que l’ancien maître de cuisine gastronomique : PAUL BOCUSE, entrez dans l’une de ses brasseries avec du charme et des spécialités Lyonnaise, de plus des prix sont très abordable, parfait pour passer une bonne soirée entre amis vous en aurez pour votre argent. Servis par les apprenties du grand chef Paul bocuse venez découvrir la gastronomie !'),
(9, 1, 2, 'Icho', '37 Rue Sainte-Hélène, 69002 Lyon', '04 78 37 22 42', ST_GeomFromText('POINT(45.753851 4.832519)'), 'icho.jpg', 'Pas loin de la place terreaux venez découvrir ce restaurant de spécialité japonaise, dans un style moderne-asiatique, préparer par des chef japonais ce restaurant japonais est l’un des meilleur de tout Lyon, des produits frais et surtout des prix abordables pour tous les touristes. En effet entre midi et deux, ou pour manger entre amis c’est l’endroit idéal pour être servis vite.	'),
(10, 1, 2, 'Les frangins', '9 Rue des Marronniers, 69002 Lyon', '06 85 48 69 28', ST_GeomFromText('POINT(45.756962 4.834852)'), 'les-frangins.jpg', 'Vous recherchez le meilleur burger de Lyon à un prix abordable, à une rue de place Bellecour, les burgers des Frangins sont les meilleurs de tout Lyon, avec un personnel aimable et rapide. Pour une sortie le soir entre amis c’est le lieu idéal pour ne pas se ruiner et apprécié un bon repas. '),
(11, 1, 3, 'Cuisine et dépendance', '68 Rue de la Charité, 69002 Lyon', '04 78 37 45 02', ST_GeomFromText('POINT(45.75067 4.830171)'), 'cuisine-dependance.jpg', 'Ce restaurant en bout de presqu’île est l’un des lieux les plus chic du quartier de Perrache, venez découvrir un restaurant pour toute les bourses. Du plat gastronomique à la nourriture de brasserie Lyonnaise, venez redécouvrir les plats mythiques de Lyon entre amis, osez tentez le plat d’exception idéal pour un repas entre collègue ou sortir avec conjoint.'),
(12, 1, 3, 'Restaurant Vattel', '8 Rue Duhamel, 69002 Lyon', ' 04 78 38 21 92', ST_GeomFromText('POINT(45.76600 4.833502)'), 'vattel.jpg', 'La chaine de restauration Vatel allie luxe et prix abordable, partant d’une trentaine d’euros allant jusqu’à une cinquantaine d’euros, venez goûter à un nourriture prestigieuse, situé à une ruelle de la place Carnot est l’endroit idéal pour fêter un évènement important, osez goûter au luxe, restaurant avec peu de place la réservation est obligatoire si vous voulez tester les différents plats gourmets.'),
(13, 1, 3, 'Franklin Steakhouse', '41 Rue Franklin, 69002 Lyon', '04 78 38 21 92', ST_GeomFromText('POINT(45.750199 4.829337)'), 'franklin-steakhouse.jpg', 'Une envie de viande ? Cet endroit est idéal pour combler cette envie. Proposant de nombreuses différentes pièce de bœuf c’est l’un des endroits préférés des Lyonnais. Pour sortir à midi entre amis ou proches cet endroit propose un nombre de place assez élever. Situé dans le quartier Victor Hugo à 10 minutes à pied de Perrache.'),
(14, 1, 3, 'Flair', '84 Rue de la Charité, 69002 Lyon', ' 04 72 56 06 31', ST_GeomFromText('POINT(45.749468 4.82957)'), 'flair.jpg', 'A la recherche d’un restaurant alliant gastronomie et spécialité Française ? Venez découvrir les spécialités de ce restaurant. Uniquement disponible le soir ce restaurant est l’un des restaurant gastronomique les plus abordable, pour un budget de 30 euros venez goûter ou découvrir à la gastronomie Française, idéal pour une sortie en couple et situé à 2 minutes à pied de la Gare Perrache.'),
(15, 1, 3, 'Rem’s PUB', '21 Quai  Perrache, 69002 Lyon', '04 78 37 75 86', ST_GeomFromText('POINT(45.744188 4.82629)'), 'remspub.jpg', 'A la recherche d’une mousse et d’un burger ? Le rem’s burger est le pub qu’il vous faut ! Dans une ambiance très anglo-saxonne venez découvrir la large gamme de bière écossaise que propose ce pub. Les burgers et leurs bagels sont les meilleur de PERRACHE, obtenant les meilleures notes sur de nombreux site de recherche de restaurant c’est un lieu où se retrouver le soir entre amis.'),
(16, 2, 1, 'Léon de Lyon', '1 Rue Pleney, 69001 Lyon', '07 72 10 11 12', ST_GeomFromText('POINT(45.76600 4.833502)'), 'leondelyon.jpg', 'The Léon de Lyon brewery, located behind the Musée des Beaux-Arts, is the emblematic figure of a Lyonnaise brewery. An establishment in which a warm welcome is offered. Aimed at an affluent clientele, this is the perfect place to celebrate an important event of his life. Come and be seduced by its Lyon specialties, its an address to really see.'),
(17, 2, 1, 'Au petit bouchon de Saint-Georges', '8 rue du garet, 69001 Lyon', '04 78 28 30 46', ST_GeomFromText('POINT(45.766982 4.836709)'), 'bouchon.jpg', 'What is the little cap of Saint-Georges? This is one of the very representations of Lyonnaise culture and its little corks, decorations, food, atmosphere. Ideal to make a good restaurant with friends it is ideal to meet friends and all the best-known specialty are on sale with a wide choice of dumplings to the andouillette everything goes, its a mythical place to know the lyon gastronomy.'),
(18, 2, 1, 'Archange café', '6 Rue Hippolyte Flandrin, 69001 Lyon', '04 78 28 30 10', ST_GeomFromText('POINT(45.76600 4.833502)'), 'archange.jpg', 'The archangel café is a restaurant for couples, located three blocks from the Place des Terreaux, there is a lot of dishes for two, in fact the classic cuisine Lyonnaise are present despite a thin choice on the map, they will satisfy everyone. Well, and at an affordable price it is one of the favorite place for couples, even if you can eat alone '),
(19, 2, 1, 'L’ébullition', '12 Rue Lanterne, 69001 Lyon', '04 78 28 32 26', ST_GeomFromText('POINT(45.768476 4.830365)'), 'lebullition.jpg', 'A stone throw from the Place des Terreaux is a chic restaurant in the district of terreaux, basic dishes that are not Lyonnais, but a very good cuisine confirm by a very nice note on all sites of culinary opinion. Its a place to eat with friends without spending too much, dishes that will give pleasure and especially a desire to return soon.'),
(20, 2, 1, 'Boston Tavern', '8 Place des Terreaux, 69001 Lyon', '04 78 23 42 90', ST_GeomFromText('POINT(45.767802 4.833643)'), 'boston-tavern.jpg', 'This is the place to go if you visit Place des Terreaux indeed this Scottish style brasserie is one of the cheapest places in Lyon to drink and eat, a place to meet friends around a moss, of a match. Friendly and friendly waiters. Open day or night, its club side is one of the busiest places in Lyon during the night.'),
(21, 2, 2, 'Les trois dômes', '20 Quai Dr Gailleton, 69002 Lyon', '04 72 41 20 97', ST_GeomFromText('POINT(45.754583 4.833996)'), 'trois-dome.jpg', 'In the center of the antiques district and near the famous Place Bellecour, the gourmet restaurant "Les Trois Domes" welcomes you. Come enjoy the most beautiful panoramic view of Lyon, on the banks of the Rhone. For a romantic evening or a lunch among colleagues, the culinary art of the chef Christian LHERM is one of the best cuisine in Lyon, for wealthy people come and offer an unforgettable luxury.'),
(22, 2, 2, 'Atelier d’Yvonne', '6 Rue des Marronniers 69002 Lyon', '04 72 41 20 97', ST_GeomFromText('POINT(45.76600 4.833502)'), 'atelier-yvone.jpg', 'In the heart of the rue des bouchons de Lyon: The rue des marronniers. Come and open the doors of ATELIER YVONNE by being received in a warm and welcoming room that looks like a former bistro. Lover of Lyon specialties? This is the ideal place to meet between work colleagues or friends, prices a little expensive but are qualities of quality for our taste buds.'),
(23, 2, 2, 'Brasserie le sud', '11 Place Antonin Poncet, 69002 Lyon', '04 72 77 80 00', ST_GeomFromText('POINT(45.756331 4.835529)'), 'brasserie-sud.jpg', 'Or eat better than the former master of gastronomic cuisine: PAUL BOCUSE, enter one of its breweries with charm and Lyonnaise specialties, more prices are very affordable, perfect for a good evening with friends you will have for your money. Served by the apprentices of Grand Chief Paul Bocuse come discover the gastronomy!'),
(24, 2, 2, 'Icho', '37 Rue Sainte-Hélène, 69002 Lyon', '04 78 37 22 42', ST_GeomFromText('POINT(45.753851 4.832519)'), 'icho.jpg', 'Not far from the square terreaux discover this Japanese specialty restaurant, in a modern-Asian style, prepare by Japanese chef this Japanese restaurant is one of the best of all Lyon, fresh products and especially affordable prices for all tourists. Indeed between noon and two, or to eat with friends is the place to be served quickly.'),
(25, 2, 2, 'Les frangins', '9 Rue des Marronniers, 69002 Lyon', '06 85 48 69 28', ST_GeomFromText('POINT(45.756962 4.834852)'), 'les-frangins.jpg', 'Looking for the best Lyon burger at an affordable price, one block from Place Bellecour, the burgers of the Frangins are the best of all Lyon, with friendly and fast staff. For an evening out with friends it is the ideal place not to break the bank and enjoyed a good meal'),
(26, 2, 3, 'Cuisine et dépendance', '68 Rue de la Charité, 69002 Lyon', '04 78 37 45 02', ST_GeomFromText('POINT(45.75067 4.830171)'), 'cuisine-dependance.jpg', 'This restaurant at the end of the peninsula is one of the most chic places in the district of Perrache, discover a restaurant for all purses. From gourmet dishes to Lyonnaise brasserie food, come and rediscover the mythical dishes of Lyon with friends, dare to try the exceptional dish ideal for a meal between colleagues or going out with spouse.'),
(27, 2, 3, 'Restaurant Vattel', '8 Rue Duhamel, 69002 Lyon', ' 04 78 38 21 92', ST_GeomFromText('POINT(45.76600 4.833502)'), 'vattel.jpg', 'The Vatel restaurant chain combines luxury and affordable price, starting from thirty euros up to fifty euros, come and enjoy a prestigious food, located at an alley of the Place Carnot is the ideal place for celebrate an important event, dare to taste the luxury, restaurant with little space reservation is mandatory if you want to test the different gourmet dishes.'),
(28, 2, 3, 'Franklin Steakhouse', '41 Rue Franklin, 69002 Lyon', '04 78 38 21 92', ST_GeomFromText('POINT(45.750199 4.829337)'), 'franklin-steakhouse.jpg', 'A desire for meat? This place is ideal to fill this desire. Offering many different pieces of beef is one of the favorite places of Lyon. To go out at noon with friends or relatives this place offers a number of enough place to raise. Located in the Victor Hugo district, 10 minutes walk from Perrache.'),
(29, 2, 3, 'Flair', '84 Rue de la Charité, 69002 Lyon', ' 04 72 56 06 31', ST_GeomFromText('POINT(45.749468 4.82957)'), 'flair.jpg', 'Looking for a restaurant combining gastronomy and French specialty? Come discover the specialties of this restaurant. Only available in the evening this restaurant is one of the most affordable gourmet restaurant, for a budget of 30 euros come to taste or discover the French gastronomy, ideal for a couple outing and located 2 minutes walk from the station Perrache.'),
(30, 2, 3, 'Rem’s PUB', '21 Quai  Perrache, 69002 Lyon', '04 78 37 75 86', ST_GeomFromText('POINT(45.744188 4.82629)'), 'remspub.jpg', 'Looking for a mousse and a burger? The Rems Burger is the pub for you! In a very Anglo-Saxon atmosphere discover the wide range of Scottish beer that offers this pub. The burgers and their bagels are the best of PERRACHE, getting the best ratings on many restaurant search site is a place to meet up with friends in the evening.');

INSERT INTO `histoire` (`codeHistoire`, `codePays`, `codeQuartier`, `titre`, `imageHistoire`, `commentaire`) VALUES
(1, 1, 2, '1562: “le pré de Belle-court” ', 'histoire-bellecour1562.jpg', 'Cinquième plus grande place de France, Bella curtis, Place Louis-le-Grand ou plus connu sous le nom de Bellecour n’était avant qu’un terrain marécageux qui servit en premier lieu de lieu d’agriculture possédé par l"archevêque de Lyon.Le lieu fût abandonné et renommé “le pré de Belle-court” suite à l’attaque du baron des Adrets en 1562.'),
(2, 1, 2, '1708: “place Louis-le-Grand”', 'histoire-bellecour1604.jpg', 'Henri IV décide d’aménager une place publique mais il faudra attendre 1708 avant que Louis XIV ne récupère la place à cause des disputes des héritiers de l’archevêque, la place est alors renommé “place Louis-le-Grand” et une statue de bronze y est érigé.'),
(3, 1, 2, '1789: Notre "place Bellecour"', 'histoire-bellecour1789.jpg', 'La place continue de vivre à travers la Révolution avec un autel de la liberté érigé en 1790, une gillotine en 1792 puis la destruction de la statue du roi en 1793. La place accueillera Napoléon Bonaparte après sa victoire à  Marengo pour poser la première pierre des futures édifices le 21 Juin 1800 puis récupérera sa statue de bronze en 1825 à l’occasion de la restauration de la place, et enfin elle accueillera en 1829 la buvette de Mme Girard, personne encore réputé de nos jours à Lyon qui à eu le droit à une adaptation dans la bande dessiné “La Reine des tilleuls”.'),
(4, 1, 1, '1766: Naissance de "Perrache"', 'histoire-perrache1766.jpg', 'Le quartier tient son nom d’Antoine Michel Perrache, sculpteur et ingénieur lyonnais à qui l’on doit les travaux d’agrandissement du quartier : il souhaitait repoussé le confluent au sud pour pouvoir créer des nouveaux terrains apte à la construction.'),
(5, 1, 1, '1779; Perrache en travaux', 'histoire-perrache1779.jpg', 'Il était de son vivant en concurrence avec Moray qui réalisait également des opérations pour le quartier des Brotteaux. Antoine Michel Perrache décèdera le 12 Octobre 1779 à l’âge de 51 ans, ce qui aura pour effet de ralentir considérablement les constructions.'),
(6, 1, 1, '1782: Changement de propriétaire', 'histoire-perrache1782.jpg', 'Les travaux seront finalement repris pas sa soeur, Marie-Anne qui était également artiste peintre, elle essayera tant bien que mal de garder à flot l’entreprise de son frère mais décida de se départir de ses droit en 1782, elle cèdera ses biens à la compagnie qui lui paieras une rente de 3000 livres par année.'),
(7, 1, 1, '1857: Ouverture de la gare', 'histoire-perrache1857.jpg', 'Le confluent est reculé en 1789, le remblaiement continuera 50 ans plus tard et le quartier accueillera un site industrielle, la gare de Perrache ouvra en 1857 et avec un centre d’échange qui séparera la zone industrielle et la zone résidentielle par des voûtes.'),
(8, 1, 3, '1206: La muraille des Terreaux ', 'histoire-terreaux1206.jpg', 'Orné par la fontaine de Bartholdi nommée monument historique, la place des Terreaux situé en bas de la monté de Croix-rousse, était protégé d’une muraille érigé par les bourgeois lyonnais en 1206 suite à un conflit économique avec l"archevêque Renaud de Forez. L’aide du pape Innocent III à été nécessaire pour débloquer la situation, Renaud de Forez ayant décidé de recourir aux armes pour attaquer la bourgeoisie. La muraille fut ensuite repoussé du côté des pentes de la croix rousse (alors appelé colline Saint-Sébastien) par Louis XII. Le nom Terreaux viendrait du latin “Terralia”, signifiant fossé, cela fait référence à la muraille qui était parcourue par un fossé qui pouvait se remplir d’eau et servir de douves.'),
(10, 1, 3, '1538: Destruction de la muraille', 'histoire-terreaux1538.jpg', ' C’est en 1538 que commence la destruction des remparts et en 1617 l’ancien fossé disparaît, les pierres de la muraille servent à la réparation des monastères. La place telle que nous la connaissons avait commencé à émerger en 1994 par Christian Drevet et Daniel Buren.'),
(11, 1, 3, '1994: La place de nos jours', 'histoire-terreaux1994.jpg', ' La place propose maintenant divers commerces et restaurants, on peut trouver en face de celle-ci le Musée des Beaux Arts et le lieu sert dorénavant de centre actif touristique de Lyon.'),
(12, 2, 2, '1562: “le pré de Belle-court”', 'histoire-bellecour1562.jpg', '5th biggest place of France, Bella curtis, Place Louis-le-Grand or most known as Bellecour was before a marshy land which first served as a place of agriculture owned by the Lyon archbishop. the place was abandoned and renamed “the meadow of Belle-court” after the attack of the baron of the Adrets in 1562.'),
(13, 2, 2, '1708: “place Louis-le-Grand”', 'histoire-bellecour1604.jpg', 'Henri IV choose to make a public place there in 1604 but we’ll need to wait until 1708 before Louis XIV lay his hands on it because of the conflict between the archbishop heirs, the place is renamed “place Louis-le-Grand” and a bronze statue of himself has been erected.'),
(14, 2, 2, '1789: "Ours place Bellecour"', 'histoire-bellecour1789.jpg', ' The place keep living through the Revolution with a liberty autel raised in 1790, a guillotine in 1792 and the destruction of the king statue in 1793. The place will welcome Napoléon Bonaparte after his victory at Marengo to put the first stone of the future edifices the 21 of June 1800 before getting back the bronze statue in 1825 for the restauration of the place, and finally, it will welcome in 1829 the Miss Girard refreshment room, who is a known personality of the Lyon inhabitant which had an adaptation in the “Reine des tilleuls” Comic strip.'),
(15, 2, 1, '1766: Birth of "Perrache"', 'histoire-perrache1766.jpg', 'The district got his name from Antoine Michel Perrache, sculptor and engineer from Lyon to whom we owe the district enlargement works : he wanted to push back the confluent at the south to create new spaces for constructions.'),
(16, 2, 1, '1779: Perrache in works', 'histoire-perrache1779.jpg', ' He was in competition with Moray who was also working to improve the Brotteaux district. Antoine Michel Perrache dies the 12th of October 1779  at 51 years, which will heavily slow down  the constructions works.'),
(17, 2, 1, '1782: Change of ownership', 'histoire-perrache1782.jpg', 'The works will be taken over by his sister, Marie-Anne, who also was a painter, she’ll try her best to keep her brother’s compagny on the flow but will choose to leave her rights in 1782, she will give away her goods to the compagny which will pay her a 3000 pounds annuity per year.'),
(18, 2, 1, '1857: Opening of the station', 'histoire-perrache1857.jpg', 'The confluent is pushed back in 1789, the backfilling will continue 50 more years and the district will become a industrial area, the Perrache station open in 1857 with a trading center who separate the industrial area and the residential area with it’s vaults.'),
(19, 2, 3, '1206: The wall of "Terreaux" ', 'histoire-terreaux1206.jpg', 'Adorned by the Bartholdi fountain ranked as monument, the Terreaux place, located down the Croix-Rousse hill, was protected by a great wall erected by the Lyon’s bourgeois in 1206 following a economical conflict with the archbishop Renaud de Forez. Everything went to normal with the help of Innocent III, his help was needed because of Renaud de Forez choosing to use violence to attack the bourgeois. The great wall was extended on the side of the Croix-rousse hill (named Saint-Sebastien at the time) by Louis XII. The name of the place come from the Latin “Terralia”, which mean pit, this is a reference to the great wall who was followed by a a pit who serve as moat when filled with water.'),
(21, 2, 3, '1538: overthrow of the wall', 'histoire-terreaux1538.jpg', 'The great wall destruction begin in 1538 and the pit disappear in 1617, the stone of the great wall are used to repair monasteries. The place as we know had begun to emerge in 1994 by Christian Drevet and Daniel Buren.'),
(22, 2, 3, '1994: The today’s place ', 'histoire-terreaux1994.jpg', 'The place now offers many shops and restaurants, we can find in front of it the Musée des Beaux Arts and is now the Lyon’s tourist center.');
