INSERT INTO `pays` (`codePays`, `libellePays`, `libellePaysCourt`, `fichier`) VALUES
(1, 'France', 'FR', ''),
(2, 'English', 'EN', '');

INSERT INTO `etatTopic` (`codeEtat`, `libelleEtat`) VALUES
(1, 'En attente'),
(2, 'Valider'),
(3, 'Annuler');

INSERT INTO `quartier` (`codeQuartier`, `libelleQuartier`) VALUES
(1, 'Perrache'),
(2, 'Bellecour'),
(3, 'Terreaux');

INSERT INTO `profile` (`codeProfile`, `libelleProfile`) VALUES
(0, 'User'),
(1, 'Administrateur'),
(2, 'Moderateur');

INSERT INTO `user` (`codeUser`, `nom`, `mail`, `login`, `passWord`, `codeProfile`) VALUES
(1, 'Administrateur', 'paulpoupet@atilog.com', 'Admin', '$2y$10$ZeBcxc/n7pY2syL5AUGMp.foh5Cx5IN7ZpO3WX4Ol/GKyycuChrXK', 1);

INSERT INTO `topic` (`codeTopic`, `codePays`, `libelleTopic`, `description`, `codeEtat`, `date`) VALUES
(1, 1, 'test1', 'ceci est un test', 1, '2018-09-27'),
(2, 1, 'testSite', 'test depuis le site', 1, '2018-09-28');

INSERT INTO `message` (`codeMessage`, `codeTopic`, `nom`, `message`, `date`, `codeProfile`) VALUES
(1, 1, 'moi', 'test message 1', '2018-09-28', 0);

INSERT INTO `categorie` (`codeCategorie`, `libelleCategorie`) VALUES
(100, 'Musée');

INSERT INTO `monument` (`codeMonument`, `codePays`, `codeQuartier`, `libelleMonument`, `imageMonument`, `coordonnees`, `dateConstruction`, `architecte`, `commentaire`) VALUES
(1, 1, 3, 'Hôtel de ville de Lyon', 'hotel-de-ville-lyon-1.jpg', ST_GeomFromText('POINT(45.7677074 4.835709100000031)'), '1672-01-01', 'Simon Maupin', NULL),
(2, 1, 1, 'Statue de la République', 'statut-de-la-republique.jpg', ST_GeomFromText('POINT(45.7508908 4.828135800000041)'), '1880-01-01', 'Victor-Auguste Blavette', NULL),
(3, 1, 1, 'Prisons Saint-Paul et Saint-Joseph', 'prison-saint-paul.jpg', ST_GeomFromText('POINT(45.7466097 4.826468699999964)'), '1852-01-01', 'Louis-Pierre Baltard', NULL);

INSERT INTO `activite` (`codeActivite`, `codePays`, `codeQuartier`, `codeCategorie`, `nom`, `nomLieux`, `coordonnees`, `imageActivite`, `commentaire`) VALUES
(1, 1, 1, 100, 'Le Musée des Tissus et des Arts Décoratifs', NULL, ST_GeomFromText('POINT(45.7532337 4.831183300000021)'), 'musee-tissu-lyon.jpg', NULL),
(2, 1, 3, 100, 'Ayers Rock', NULL, ST_GeomFromText('POINT(45.768368 4.8349243000000115)'), 'ayers-rock.jpg', 'Avant de danser ? Entrez dans le Ayers Rock , c’est une boîte de nuit proposant des tarifs abordable ! Entre amis ou pour faire des rencontres c’est l’endroit idéal ! Un large choix en alcool et un espace de danse assez grand !'),
(3, 1, 3, 100, 'Boston Tavern', NULL, ST_GeomFromText('POINT(45.7677456 4.833002699999952)'), 'boston-tavern.jpg', 'C’est l’une des boîtes de lyon les plus facile d’accès de Lyon ! Ou l’alcool est à un prix abordable, entre amis venez danser et faire des rencontres !'),
(4, 1, 3, 100, 'Le musée des beaux-arts', NULL, ST_GeomFromText('POINT(45.7671087 4.83361739999998)'), 'musee-beaux-arts.jpg', 'C’est l’un des musée français les plus grand de France, chaque année le musée des beaux arts agrandit sa collection pour vous faire découvrir des objets, oeuvres magnifique ! De l’égypte antique à aujourd’hui venez découvrir l’histoire de notre monde !'),
(5, 1, 3, 100, 'Opéra de Lyon', NULL, ST_GeomFromText('POINT(45.7532337 4.831183300000021)'), 'opera.jpg', 'Vous êtes à la recherche d’un endroit calme ou musique et danse est au rendez-vous ? L’opéra de Lyon est l’endroit qu’il vous faut ! C’est l’endroit parfait pour une sortie en couple avec ses diverses spectacle tout au long de l’année vous ne serez jamais déçu !'),
(6, 1, 2, 100, 'Fnac', NULL, ST_GeomFromText('POINT(45.75829770000001 4.8347919000000275)'), 'fnac.jpg', 'A la recherche d’un cadeau de dernière minute ? La fnac bellecour est le magasin qu’il vous faut ! Trouver tout ce dont vous avez besoin , papeterie  , high-tech tout s’y trouve , un magasin de grande superficie avec un nombre d’article nombreux. '),
(7, 1, 2, 100, 'Cinéma Pathé', NULL, ST_GeomFromText('POINT(47.346483199999994 5.0266112)'), 'cine-pathe.jpg', 'C’est le cinéma le plus connu de Lyon , c’est l’endroit idéal pour regarder un film à Lyon, venez voir les dernières sorties dans ce cinéma. Avec un tarif abordable , passer un bon moment devant un bon film.'),
(8, 1, 2, 100, 'Patinoire (Hiver Uniquement)', NULL, ST_GeomFromText('POINT(47.346483199999994 5.0266112)'), 'patinoire.jpg', 'Vous êtes de passage à Bellecour en hiver ? Venez seul ou entre amis découvrir cette patinoire ! Un moment agréable à un tarif bas , les patins sont disponiblent en location et l’espace pour patiner est quand même important !'),
(9, 1, 2, 100, 'La grand roue (Hiver Uniquement)', NULL, ST_GeomFromText('POINT(45.7532337 4.831183300000021)'), 'grande-roue.jpg', 'Vous avez toujours envie de vous sentir tel un oiseau ? Observez de hauteur une ville ? La grande roue de la place Bellecour est l’endroit qu’il vous faut pour réaliser ce rêve ! Avec une vue impressionnante sur tout Lyon , c’est l’activité idéal entre amoureux ou amis !'),
(10, 1, 2, 100, 'Escape Game Bellecour', NULL, ST_GeomFromText('POINT(45.75788130000001 4.82893260000003)'), 'escape-room.jpg', 'Envie de renforcer les liens entre vos amis ou vos collègue ? C’est  l’activité idéal , par groupe allant de 4 à 8 personnes , le but ? Sortir d’une salle avec un thème , OMG Escape de Bellecour est un endroit avec des salles d’escape room variés qui ont pour thèmes les jeux-vidéo, la pop-culture.'),
(11, 1, 1, 100, 'Le marché de noël', NULL, ST_GeomFromText('POINT(45.7505145 4.828683899999987)'), 'marche-noel.jpg', 'Besoin d’une idée de cadeaux, de petits objets décoratifs ou encore de produits locaux ? Le marché Noël de la place Carnot se déroule chaque année pendant environ 1 mois en décembre. Ouvert de jour comme de nuit il divertit autant les petits que les grands. Plus de 140 chalets sont présent pour que vous puissiez trouver votre bonheur.'),
(12, 1, 1, 100, 'Archive municpales de Lyon', NULL, ST_GeomFromText('POINT(45.7477942 4.824581899999998)'), 'archive-municipale.jpg', 'A quelque pas de la gare de Perrache venez visiter les Archives Municipales de Lyon ! Avec plusieurs expositions chaque année : venez découvrir le charme du quartier de Perrache et Confluence. '),
(13, 1, 1, 100, 'SPA Cinq monde', NULL, ST_GeomFromText('POINT(45.7609923 4.836631799999964)'), 'spa-perrache.jpg', 'Envie de faire une pause ? Une semaine de travail infernal ? Venez découvrir le Spa des Cinq mondes, au coeur d’un magnifique hôtel du 18ème siècle , il contient 7 salles de soins , dont une salle de soins double et 1 bain style japonais. De plus il dispose d’un hammam. Ces salles vous feront vivre et découvrir un véritable voyage sensoriel'),
(14, 2, 3, 100, 'Ayers Rock', NULL, ST_GeomFromText('POINT(45.768368 4.8349243000000115)'), 'ayers-rock.jpg', 'Want to dance ? Enter the Ayers Rock, its a nightclub offering affordable rates! With friends or to meet people this is the place! A wide choice in alcohol and a dance area big enough!'),
(15, 2, 3, 100, 'Boston Tavern', NULL, ST_GeomFromText('POINT(45.7677456 4.833002699999952)'), 'boston-tavern.jpg', 'This is one of Lyon easiest access boxes! Or alcohol is affordable, with friends come dance and meet people!'),
(16, 2, 3, 100, 'Beaux-arts museum', NULL, ST_GeomFromText('POINT(45.7671087 4.83361739999998)'), 'musee-beaux-arts.jpg', 'It is one of the largest French museum in France, every year the museum of fine arts enlarges its collection to make you discover objects, beautiful works! From ancient Egypt to today come to discover the history of our world!'),
(17, 2, 3, 100, 'Lyon Opera', NULL, ST_GeomFromText('POINT(45.7532337 4.831183300000021)'), 'opera.jpg', 'Are you looking for a quiet place where music and dance are at the same moment ? The Lyon Opera is the place for you! This is the perfect place for a couple outing with its various show all year round you will never be disappointed!'),
(18, 2, 2, 100, 'Fnac', NULL, ST_GeomFromText('POINT(45.75829770000001 4.8347919000000275)'), 'fnac.jpg', 'Looking for a last-minute gift? The Fnac Bellecour is the store for you! Find everything you need, stationery, high-tech everything is there, a large store with a large number of items.'),
(19, 2, 2, 100, 'Pathé Cinéma', NULL, ST_GeomFromText('POINT(47.346483199999994 5.0266112)'), 'cine-pathe.jpg', 'This is the most famous cinema in Lyon, it is the ideal place to watch a movie in Lyon, come see the latest releases in this cinema. With an affordable price, have a good time in front of a good movie.'),
(20, 2, 2, 100, 'Ice Rink (Only during WInter)', NULL, ST_GeomFromText('POINT(47.346483199999994 5.0266112)'), 'patinoire.jpg', 'Are you visiting Bellecour in winter? Come alone or with friends to discover this rink! A good time at a low price, skates are available for rent and the space for skating is still important!'),
(21, 2, 2, 100, 'Ferris wheel (Only during Winter)', NULL, ST_GeomFromText('POINT(45.7532337 4.831183300000021)'), 'grande-roue.jpg', 'Do you still want to feel like a bird? Observe a city from height? The big wheel of Place Bellecour is the place you need to make this dream come true! With an impressive view over Lyon, this is the ideal activity between lovers or friends!'),
(22, 2, 2, 100, 'Escape Game Bellecour', NULL, ST_GeomFromText('POINT(45.75788130000001 4.82893260000003)'), 'escape-room.jpg', 'Want to strengthen the links between your friends or colleagues? This is the ideal activity, in groups ranging from 4 to 8 people, the goal? Going out of a room with a theme, OMG Escape de Bellecour is a place with various escape room rooms that have the theme of video games, pop-culture.'),
(23, 2, 1, 100, 'Chistmas Market', NULL, ST_GeomFromText('POINT(45.7505145 4.828683899999987)'), 'marche-noel.jpg', 'Need an idea of ​​gifts, small decorative items or local products? The Place Carnot Christmas Market is held every year for about 1 month in December. Open day and night, it entertained both children and adults. More than 140 chalets are present for you to find your happiness.'),
(24, 2, 1, 100, 'Lyon municipal archive', NULL, ST_GeomFromText('POINT(45.7477942 4.824581899999998)'), 'archive-municipale.jpg', 'A few steps from the station Perrache come visit the Municipal Archives of Lyon! With several exhibitions every year: discover the charm of Perrache and Confluence'),
(25, 2, 1, 100, 'SPA Cinq monde', NULL, ST_GeomFromText('POINT(45.7609923 4.836631799999964)'), 'spa-perrache.jpg', 'Want to take a break? An infernal work week? Come and discover the Cinq Mondes Spa, in the heart of a magnificent 18th century hotel, it contains 7 treatment rooms, including a double treatment room and a Japanese-style bath. In addition it has a hammam. These rooms will make you live and discover a real sensory journey');

INSERT INTO `restaurant` (`codeRestaurant`, `codePays`, `codeQuartier`, `nom`, `adresse`, `numeroTelephone`, `coordonnees`, `imageRestaurant`, `commentaire`) VALUES
(1, 1, 1, 'Léon de Lyon', '1 Rue Pleney, 69001 Lyon', '07 72 10 11 12', ST_GeomFromText('POINT(45.76600 4.833502)'), 'leondelyon.jpg', 'La brasserie Léon de Lyon situé derrière le musée des beaux-arts, est la figure emblématique d’une brasserie Lyonnaise. Un établissement dans lequel un accueil chaleureux est proposé.Destiné à une clientèle aisées, c’est l’endroit idéal pour fêter un évènement important de sa vie. Venez-vous aussi être séduit par ses spécialités Lyonnaise, c’est une adresse à réellement voir.'),
(2, 1, 1, 'Au petit bouchon de Saint-Georges', '8 rue du garet, 69001 Lyon', '04 78 28 30 46', ST_GeomFromText('POINT(45.766982 4.836709)'), 'bouchon.jpg', 'Au petit bouchon de Saint-Georges qu’est-ce que c’est ? C’est l’une des représentations même de la culture Lyonnaise et de ses petits bouchons, décors, nourriture, ambiance.   Idéal pour faire un bon restaurant entre amis il est idéal pour se retrouver entre amis et toutes les spécialité les plus connu sont en vente avec un larges choix de la quenelle à l’andouillette tout y passe, c’est un endroit mythique pour connaître la gastronomie Lyonnaise.'),
(3, 1, 1, 'Archange café', '6 Rue Hippolyte Flandrin, 69001 Lyon', '04 78 28 30 10', ST_GeomFromText('POINT(45.76600 4.833502)'), 'archange.jpg', 'L’archange café est un restaurant destiné au couple , situé à trois rue de la place des terreaux, il y est proposé beaucoup de plat pour deux, en effet les classique de la cuisine Lyonnaise y sont présent malgré un choix mince sur la carte , ils seront satisfaire tout le monde. Bon , et a un prix abordable c’est l’un des lieu de prédilection des couples Lyonnais, même si vous pouvez y mangez seul '),
(4, 1, 1, 'L’ébullition', '12 Rue Lanterne, 69001 Lyon', '04 78 28 32 26', ST_GeomFromText('POINT(45.768476 4.830365)'), 'lebullition.jpg', 'À deux pa	s de la place des terreaux c’est un restaurant chic du quartier terreaux , des plats basique qui ne sont pas Lyonnais,  mais une très bonne cuisine confirmer par une très belle note sur l’ensemble des sites d’avis culinaire. C’est un endroit ou y manger entre amis sans trop y dépenser, des plats qui vont donneront du plaisir et surtout une envie d’y retourner prochainement.'),
(5, 1, 1, 'Boston Tavern', '8 Place des Terreaux, 69001 Lyon', '04 78 23 42 90', ST_GeomFromText('POINT(45.767802 4.833643)'), 'boston-tavern.jpg', 'C’est le lieu incontournable si vous visitez la place des Terreaux en effet cette brasserie au style écossaise est l’un des endroits les moins cher de Lyon pour y boire et mangez, un lieu pour se retrouver entre amis autour d’une mousse, d’un match. Des serveurs amical et sympathique. Ouvert de jour ou et de nuit, son côté boîte de nuit est l’un des endroits les plus fréquenté de Lyon durant la nuit.'),
(6, 1, 2, 'Les trois dômes', '20 Quai Dr Gailleton, 69002 Lyon', '04 72 41 20 97', ST_GeomFromText('POINT(45.754583 4.833996)'), 'trois-dome.jpg', 'Au cœur du quartier des antiquaires et près de la célèbre Place Bellecour, le restaurant gastronomique "Les Trois Dômes" vous accueille. Venez profiter de la plus belle vue panoramique sur Lyon, au bord du Rhône. Pour une soirée  romantique ou un déjeuner entres collègues, l"art culinaire du chef étoilé Christian LHERM est l’une des meilleure cuisine de Lyon, pour des personnes aisées venez-vous offrir un luxe inoubliable.'),
(7, 1, 2, 'Atelier d’Yvonne', '6 Rue des Marronniers 69002 Lyon', '04 72 41 20 97', ST_GeomFromText('POINT(45.76600 4.833502)'), 'atelier-yvone.jpg', 'Au cœur de la rue des bouchons de Lyon : La rue des marronniers. Venez en ouvrant les portes de « L ’ATELIER D’YVONNE » en étant reçu dans une salle accueillante et chaleureuse aux allures de bistrot d’antan. Amateur de spécialités lyonnaise ? C’est l’endroit idéal afin de se rejoindre entre collègue de travail ou amis, des prix un peu chers mais qui sont gages de qualités pour nos papilles.'),
(8, 1, 2, 'Brasserie le sud', '11 Place Antonin Poncet, 69002 Lyon', '04 72 77 80 00', ST_GeomFromText('POINT(45.756331 4.835529)'), 'brasserie-sud.jpg', 'Ou mangez mieux que l’ancien maître de cuisine gastronomique : PAUL BOCUSE, entrez dans l’une de ses brasseries avec du charme et des spécialités Lyonnaise, de plus des prix sont très abordable, parfait pour passer une bonne soirée entre amis vous en aurez pour votre argent. Servis par les apprenties du grand chef Paul bocuse venez découvrir la gastronomie !'),
(9, 1, 2, 'Icho', '37 Rue Sainte-Hélène, 69002 Lyon', '04 78 37 22 42', ST_GeomFromText('POINT(45.753851 4.832519)'), 'icho.jpg', 'Pas loin de la place terreaux venez découvrir ce restaurant de spécialité japonaise, dans un style moderne-asiatique, préparer par des chef japonais ce restaurant japonais est l’un des meilleur de tout Lyon, des produits frais et surtout des prix abordables pour tous les touristes. En effet entre midi et deux, ou pour manger entre amis c’est l’endroit idéal pour être servis vite.	'),
(10, 1, 2, 'Les frangins', '9 Rue des Marronniers, 69002 Lyon', '06 85 48 69 28', ST_GeomFromText('POINT(45.756962 4.834852)'), 'les-frangins.jpg', 'Vous recherchez le meilleur burger de Lyon à un prix abordable, à une rue de place Bellecour, les burgers des Frangins sont les meilleurs de tout Lyon, avec un personnel aimable et rapide. Pour une sortie le soir entre amis c’est le lieu idéal pour ne pas se ruiner et apprécié un bon repas. '),
(11, 1, 3, 'Cuisine et dépendance', '68 Rue de la Charité, 69002 Lyon', '04 78 37 45 02', ST_GeomFromText('POINT(45.75067 4.830171)'), 'cuisine-dependance.jpg', 'Ce restaurant en bout de presqu’île est l’un des lieux les plus chic du quartier de Perrache, venez découvrir un restaurant pour toute les bourses. Du plat gastronomique à la nourriture de brasserie Lyonnaise, venez redécouvrir les plats mythiques de Lyon entre amis, osez tentez le plat d’exception idéal pour un repas entre collègue ou sortir avec conjoint.'),
(12, 1, 3, 'Restaurant Vattel', '8 Rue Duhamel, 69002 Lyon', ' 04 78 38 21 92', ST_GeomFromText('POINT(45.76600 4.833502)'), 'vattel.jpg', 'La chaine de restauration Vatel allie luxe et prix abordable, partant d’une trentaine d’euros allant jusqu’à une cinquantaine d’euros, venez goûter à un nourriture prestigieuse, situé à une ruelle de la place Carnot est l’endroit idéal pour fêter un évènement important, osez goûter au luxe, restaurant avec peu de place la réservation est obligatoire si vous voulez tester les différents plats gourmets.'),
(13, 1, 3, 'Franklin Steakhouse', '41 Rue Franklin, 69002 Lyon', '04 78 38 21 92', ST_GeomFromText('POINT(45.750199 4.829337)'), 'franklin-steakhouse.jpg', 'Une envie de viande ? Cet endroit est idéal pour combler cette envie. Proposant de nombreuses différentes pièce de bœuf c’est l’un des endroits préférés des Lyonnais. Pour sortir à midi entre amis ou proches cet endroit propose un nombre de place assez élever. Situé dans le quartier Victor Hugo à 10 minutes à pied de Perrache.'),
(14, 1, 3, 'Flair', '84 Rue de la Charité, 69002 Lyon', ' 04 72 56 06 31', ST_GeomFromText('POINT(45.749468 4.82957)'), 'flair.jpg', 'A la recherche d’un restaurant alliant gastronomie et spécialité Française ? Venez découvrir les spécialités de ce restaurant. Uniquement disponible le soir ce restaurant est l’un des restaurant gastronomique les plus abordable, pour un budget de 30 euros venez goûter ou découvrir à la gastronomie Française, idéal pour une sortie en couple et situé à 2 minutes à pied de la Gare Perrache.'),
(15, 1, 3, 'Rem’s PUB', '21 Quai  Perrache, 69002 Lyon', '04 78 37 75 86', ST_GeomFromText('POINT(45.744188 4.82629'), 'remspub.jpg', 'A la recherche d’une mousse et d’un burger ? Le rem’s burger est le pub qu’il vous faut ! Dans une ambiance très anglo-saxonne venez découvrir la large gamme de bière écossaise que propose ce pub. Les burgers et leurs bagels sont les meilleur de PERRACHE, obtenant les meilleures notes sur de nombreux site de recherche de restaurant c’est un lieu où se retrouver le soir entre amis. '),
(16, 2, 1, 'Léon de Lyon', '1 Rue Pleney, 69001 Lyon', '07 72 10 11 12', ST_GeomFromText('POINT(45.76600 4.833502)'), 'leondelyon.jpg', 'The Léon de Lyon brewery, located behind the Musée des Beaux-Arts, is the emblematic figure of a Lyonnaise brewery. An establishment in which a warm welcome is offered. Aimed at an affluent clientele, this is the perfect place to celebrate an important event of his life. Come and be seduced by its Lyon specialties, its an address to really see.'),
(17, 2, 1, 'Au petit bouchon de Saint-Georges', '8 rue du garet, 69001 Lyon', '04 78 28 30 46', ST_GeomFromText('POINT(45.766982 4.836709)'), 'bouchon.jpg', 'What is the little cap of Saint-Georges? This is one of the very representations of Lyonnaise culture and its little corks, decorations, food, atmosphere. Ideal to make a good restaurant with friends it is ideal to meet friends and all the best-known specialty are on sale with a wide choice of dumplings to the andouillette everything goes, its a mythical place to know the lyon gastronomy.'),
(18, 2, 1, 'Archange café', '6 Rue Hippolyte Flandrin, 69001 Lyon', '04 78 28 30 10', ST_GeomFromText('POINT(45.76600 4.833502)'), 'archange.jpg', 'The archangel café is a restaurant for couples, located three blocks from the Place des Terreaux, there is a lot of dishes for two, in fact the classic cuisine Lyonnaise are present despite a thin choice on the map, they will satisfy everyone. Well, and at an affordable price it is one of the favorite place for couples, even if you can eat alone '),
(19, 2, 1, 'L’ébullition', '12 Rue Lanterne, 69001 Lyon', '04 78 28 32 26', ST_GeomFromText('POINT(45.768476 4.830365)'), 'lebullition.jpg', 'A stone throw from the Place des Terreaux is a chic restaurant in the district of terreaux, basic dishes that are not Lyonnais, but a very good cuisine confirm by a very nice note on all sites of culinary opinion. Its a place to eat with friends without spending too much, dishes that will give pleasure and especially a desire to return soon.'),
(20, 2, 1, 'Boston Tavern', '8 Place des Terreaux, 69001 Lyon', '04 78 23 42 90', ST_GeomFromText('POINT(45.767802 4.833643)'), 'boston-tavern.jpg', 'This is the place to go if you visit Place des Terreaux indeed this Scottish style brasserie is one of the cheapest places in Lyon to drink and eat, a place to meet friends around a moss, of a match. Friendly and friendly waiters. Open day or night, its club side is one of the busiest places in Lyon during the night.'),
(21, 2, 2, 'Les trois dômes', '20 Quai Dr Gailleton, 69002 Lyon', '04 72 41 20 97', ST_GeomFromText('POINT(45.754583 4.833996)'), 'trois-dome.jpg', 'In the center of the antiques district and near the famous Place Bellecour, the gourmet restaurant "Les Trois Domes" welcomes you. Come enjoy the most beautiful panoramic view of Lyon, on the banks of the Rhone. For a romantic evening or a lunch among colleagues, the culinary art of the chef Christian LHERM is one of the best cuisine in Lyon, for wealthy people come and offer an unforgettable luxury.'),
(22, 2, 2, 'Atelier d’Yvonne', '6 Rue des Marronniers 69002 Lyon', '04 72 41 20 97', ST_GeomFromText('POINT(45.76600 4.833502)'), 'atelier-yvone.jpg', 'In the heart of the rue des bouchons de Lyon: The rue des marronniers. Come and open the doors of ATELIER YVONNE by being received in a warm and welcoming room that looks like a former bistro. Lover of Lyon specialties? This is the ideal place to meet between work colleagues or friends, prices a little expensive but are qualities of quality for our taste buds.'),
(23, 2, 2, 'Brasserie le sud', '11 Place Antonin Poncet, 69002 Lyon', '04 72 77 80 00', ST_GeomFromText('POINT(45.756331 4.835529)'), 'brasserie-sud.jpg', 'Or eat better than the former master of gastronomic cuisine: PAUL BOCUSE, enter one of its breweries with charm and Lyonnaise specialties, more prices are very affordable, perfect for a good evening with friends you will have for your money. Served by the apprentices of Grand Chief Paul Bocuse come discover the gastronomy!'),
(24, 2, 2, 'Icho', '37 Rue Sainte-Hélène, 69002 Lyon', '04 78 37 22 42', ST_GeomFromText('POINT(45.753851 4.832519)'), 'icho.jpg', 'Not far from the square terreaux discover this Japanese specialty restaurant, in a modern-Asian style, prepare by Japanese chef this Japanese restaurant is one of the best of all Lyon, fresh products and especially affordable prices for all tourists. Indeed between noon and two, or to eat with friends is the place to be served quickly.'),
(25, 2, 2, 'Les frangins', '9 Rue des Marronniers, 69002 Lyon', '06 85 48 69 28', ST_GeomFromText('POINT(45.756962 4.834852)'), 'les-frangins.jpg', 'Looking for the best Lyon burger at an affordable price, one block from Place Bellecour, the burgers of the Frangins are the best of all Lyon, with friendly and fast staff. For an evening out with friends it is the ideal place not to break the bank and enjoyed a good meal'),
(26, 2, 3, 'Cuisine et dépendance', '68 Rue de la Charité, 69002 Lyon', '04 78 37 45 02', ST_GeomFromText('POINT(45.75067 4.830171)'), 'cuisine-dependance.jpg', 'This restaurant at the end of the peninsula is one of the most chic places in the district of Perrache, discover a restaurant for all purses. From gourmet dishes to Lyonnaise brasserie food, come and rediscover the mythical dishes of Lyon with friends, dare to try the exceptional dish ideal for a meal between colleagues or going out with spouse.'),
(27, 2, 3, 'Restaurant Vattel', '8 Rue Duhamel, 69002 Lyon', ' 04 78 38 21 92', ST_GeomFromText('POINT(45.76600 4.833502)'), 'vattel.jpg', 'The Vatel restaurant chain combines luxury and affordable price, starting from thirty euros up to fifty euros, come and enjoy a prestigious food, located at an alley of the Place Carnot is the ideal place for celebrate an important event, dare to taste the luxury, restaurant with little space reservation is mandatory if you want to test the different gourmet dishes.'),
(28, 2, 3, 'Franklin Steakhouse', '41 Rue Franklin, 69002 Lyon', '04 78 38 21 92', ST_GeomFromText('POINT(45.750199 4.829337)'), 'franklin-steakhouse.jpg', 'A desire for meat? This place is ideal to fill this desire. Offering many different pieces of beef is one of the favorite places of Lyon. To go out at noon with friends or relatives this place offers a number of enough place to raise. Located in the Victor Hugo district, 10 minutes walk from Perrache.'),
(29, 2, 3, 'Flair', '84 Rue de la Charité, 69002 Lyon', ' 04 72 56 06 31', ST_GeomFromText('POINT(45.749468 4.82957)'), 'flair.jpg', 'Looking for a restaurant combining gastronomy and French specialty? Come discover the specialties of this restaurant. Only available in the evening this restaurant is one of the most affordable gourmet restaurant, for a budget of 30 euros come to taste or discover the French gastronomy, ideal for a couple outing and located 2 minutes walk from the station Perrache.'),
(30, 2, 3, 'Rem’s PUB', '21 Quai  Perrache, 69002 Lyon', '04 78 37 75 86', ST_GeomFromText('POINT(45.744188 4.82629'), 'remspub.jpg', 'Looking for a mousse and a burger? The Rems Burger is the pub for you! In a very Anglo-Saxon atmosphere discover the wide range of Scottish beer that offers this pub. The burgers and their bagels are the best of PERRACHE, getting the best ratings on many restaurant search site is a place to meet up with friends in the evening.');
